mean,std,max,min,range,skewness,kurtosis,rms,crest_factor,variance,zero_crossings,dominant_freq,spectral_energy,spectral_centroid,spectral_bandwidth,spectral_flatness,event
-0.05996671858793444,-1.0192279799638662,-0.733443809784307,0.7926034347653532,-0.7705790485579048,-0.12827739597169802,-0.7893808010773478,-1.019258072538299,-0.4990594114107779,-0.5975952934950504,2.3563542194034426,1.3644564521916993,-0.5936234798910652,2.094233318719987,2.3105112127412575,2.2691015004796253,0
-0.0713235706488428,0.12030439148132437,-0.006849085926635841,-0.15340907441619778,0.06983037015284169,-0.1903136600940358,0.5239374639204699,0.12028887363014962,0.34190809431806934,-0.19897299175135857,0.648845642404224,0.7273561632305946,-0.17910805601854451,-0.3633582911327314,-0.6454535266368969,-0.4163897931289107,1
0.24975802666961014,-0.9357103863963894,-0.712977729918329,0.7594044779167928,-0.7437685676975614,-0.23259473689533589,-0.8026111071324792,-0.9357377302490266,-0.8042603617859317,-0.5926112316376265,0.5283089044494448,1.3644564521916993,-0.5888068674247006,0.13812334284528777,0.7497244515687163,0.2243592479983383,0
1.0144269291459436,0.10257478984431216,0.2853685683572788,-0.3152097239722589,0.3030854376806576,1.8060709396554115,1.1869571368371332,0.10256364139857348,1.277650557273888,-0.21063946903995123,-0.2634632225900055,-1.1839447036527195,-0.19932331370403106,-0.49945793842556624,-0.5557599155985748,-0.41010885601413033,1
-2.201092803217752,-0.6868782249912312,-0.6735438497061114,0.6516097014141533,-0.6711176319440258,-0.7634092966346024,-0.7520197245670697,-0.686837258572501,-1.154555175588617,-0.555040458056384,-0.7124768530755812,-1.1839447036527195,-0.5570765375527759,-0.5293687830745176,-0.22099565008712266,-0.317040321348313,0
0.6698839778052708,1.2838725749726665,1.2010785117600586,-0.6967059975062135,0.9738988633550361,1.5322496860854828,0.5653049281559017,1.283873303526693,1.0872671329818309,0.9443245183683044,-0.3800011114183228,-0.8653945591721671,0.9805056681546304,-0.4857595107143592,-0.6760189865130277,-0.42799936783955805,1
-0.35382283976708223,1.2845955405441665,1.2010785117600586,-0.6967059975062135,0.9738988633550361,1.539176479558883,0.5636879180822696,1.2845955849397492,1.0863426127526388,0.9452661540677061,-0.36114939410785973,-0.8653945591721671,0.8939982109136927,-0.48244729195820085,-0.663210073123636,-0.42742299715404336,1
-0.5633696391606329,1.1917099099963093,1.5631825684396483,-1.8334901827702894,1.7114087105070033,0.08776420421710554,2.8144227030423243,1.1917092207982285,1.793072187772036,0.8266380672178448,-0.23889886367031113,1.045906307711147,0.6831736457004483,-0.36697809664522646,-0.761954959349398,-0.42849686086918826,1
1.5186383513671713,-0.6170602624615181,-0.6374702911193729,0.7006196644231246,-0.6753652519791443,0.15299308777421877,-0.8077508958500573,-0.6170589784501201,-0.9904158417519553,-0.5383863516917796,-0.6770584750983475,-0.7061194869318909,-0.5323093322982676,-0.41630375714885376,-0.3651015152293843,-0.3522535496116557,0
-0.03020165180210187,0.9997882607785564,1.1502996644561254,-1.475785129938698,1.3200022730921703,0.35671343663502103,2.015894491195321,0.9997842627122515,1.4112705552173124,0.5965447588856595,-0.37143214900447596,-0.8653945591721671,0.5463979230680066,-0.49026546399245907,-0.29034605609633657,-0.4102957922957965,1
-0.0653327058448685,-0.5072871322293064,-0.6113972801319634,0.6249854921373912,-0.6252402987537075,-0.3171855216406201,-0.7899559202564516,-0.5073108647867552,-1.0066312128844472,-0.5067850841316002,-0.6582067577878843,-0.7061194869318909,-0.5108458765709917,-0.41917559485471756,-0.43876524554111024,-0.3727427624122256,0
0.02563260393578243,1.7704019543878966,1.8870513900108434,-2.3789096547813955,2.145282665676183,0.7529403883952068,2.366824883812291,1.7704080691524247,1.4511463923069772,1.6429495090333717,-0.46569073555679147,-0.8653945591721671,1.7767010294330152,-0.5723175701795623,-0.7732822293769372,-0.4311382161707118,1
0.15983597136411828,0.09862561173768312,0.4392948096451574,-0.002944729233537857,0.2355585391153748,4.876084175503727,1.5493401012487358,0.09860988010988962,1.764921378037692,-0.2132145953083844,-0.39028386631493905,-0.8653945591721671,-0.19800938517295152,-0.49662902113444424,-0.6282878896900613,-0.41659387534293263,1
3.071796407670541,-0.5233207664209354,-0.6554161931574902,0.6728649558489103,-0.6716364256706356,-0.5208771594854227,-0.8180143341185095,-0.5232536712084161,-1.2668140989356567,-0.5118137528609141,-0.8690032331685172,1.045906307711147,-0.5063526178656,-0.27242131610796205,-0.4454485985764875,-0.3761878084598371,0
-0.3428729575495947,0.11565236312297596,0.4006620138151828,-0.21679189945514243,0.3173969870603064,0.9324449256273285,0.48921861669485855,0.11563732472341806,1.594423288442788,-0.2020508459748506,-0.4428401691198665,1.205181379951423,-0.18357957558402713,-0.3055164406888203,-0.6241784923876296,-0.4156620494699872,1
0.2561168989276399,-0.20877531546757044,-0.2892549243776389,0.1431791946802123,-0.22275646619620684,-1.0350279505825648,-0.32912059467827415,-0.20879481088923962,0.020004544802958657,-0.38736469496834947,-0.3959965079241703,1.045906307711147,-0.3814043249775884,-0.357043819188157,-0.5395226427850212,-0.40320959246697147,0
-0.03759253059038262,-0.09494555325952181,-0.07894002071786137,0.06184311288557654,-0.0716977989761815,-0.42210212341403613,0.2634182614702137,-0.09496391479704724,0.5722980303368023,-0.32893115483906427,-0.29088390231431543,1.045906307711147,-0.3257088136424102,-0.3801605039832556,-0.4932443950684047,-0.4000533651747365,1
0.21360335908054337,0.010499731617022216,0.08040638856042451,-0.3607658267680691,0.21565956133446929,-0.5908828848724939,1.2455733586005684,0.010482945343978116,0.8629530469063458,-0.2684491795285181,-0.29145516647523856,-0.7061194869318909,-0.27901796272365,-0.26065032494924134,-0.5267149973644104,-0.40408358817318146,1
-0.4222276206063773,-0.3510042482176353,-0.5599012138626149,0.6249340566031263,-0.5977677992097553,-0.09793077058940383,-0.8111741415794823,-0.3510245847272085,-0.9496851235423988,-0.45037076094308476,-0.3285873369352416,1.205181379951423,-0.4473940238458501,-0.2638526415988887,-0.45338917648871907,-0.38018358792026163,0
0.7668811410176238,1.0316825682978281,0.7741517752467966,-0.34172101471273925,0.5763098168819072,1.111768664946728,0.09770101822606024,1.0316804597578515,0.709287017966425,0.633380294659007,-0.4194183385220184,-0.8653945591721671,0.7082401728576879,-0.5189235982264891,-0.6460277952211179,-0.4240825594126912,1
-0.5610169693668186,-0.012594934328880474,-0.4992139521096884,0.488424113163596,-0.5000344220792722,-0.10995526979636368,-0.8096025696203278,-0.012610557458322133,-1.0568227234933747,-0.28221849213728883,-0.353151695854936,1.205181379951423,-0.2797730591898111,-0.2537144168164627,-0.5628163127023078,-0.4083099880315077,0
0.60871375428103,1.3778226970688068,1.1086094802632496,-1.6245559504508553,1.3690403625628516,0.8688499499832396,1.3157976504712148,1.3778244501903054,0.8339214952889276,1.069097464085609,-0.3794298472573997,1.3644564521916993,1.0465159072338033,-0.24852182342521076,-0.6918268452706926,-0.4258890261375678,1
-1.9839719501230177,0.07626312599201568,-0.5181439615466829,0.501445515279956,-0.5163613718078055,-0.2527058507657978,-0.8051989677708252,0.07626574761475036,-1.1846323028021015,-0.2276347617101665,-0.8410112892832841,1.3644564521916993,-0.24042559232165966,-0.2217142355733059,-0.6534687538001559,-0.41550649296814496,0
0.7510825508945553,0.9862358385746446,1.5847947453484954,-1.1742985837468272,1.4071838078909378,1.2324029840049526,1.9114164237716451,0.9862331033487193,2.2021780730160705,0.581061945987157,-0.353151695854936,0.7273561632305946,0.6632021546496292,-0.26792921072583853,-0.652539810038938,-0.4257422503769055,1
-3.3819654839774604,-0.10942470307890796,-0.5118361392885502,0.6200429459099033,-0.5698059060368248,0.03795985341735414,-0.8157257425787645,-0.10937873609558596,-1.016001679272743,-0.33675912815054254,-0.8775721955823641,0.7273561632305946,-0.3383085008744185,-0.2705394560215071,-0.6574456040830694,-0.4126160953249802,0
-0.3929773875909587,1.055872504069057,0.7137655094734676,-0.8223669390416753,0.7743466787101303,0.36471056419203884,0.8242449572061907,1.055869655558848,0.5758930989292425,0.6616905984958434,-0.4297010934186346,1.045906307711147,0.6409522995618815,-0.37619777333550913,-0.7349399556981187,-0.4266545159852335,1
2.4102887468332552,-0.1558906589290401,-0.5622167136198819,0.6275593019398622,-0.6002594403324618,0.3153166577182448,-0.8221545871094241,-0.15587597018823696,-1.1680846059061627,-0.36110232814947113,-0.8690032331685172,1.3644564521916993,-0.3535075130092733,-0.34979865648753816,-0.6493849199593601,-0.41285796487745063,0
0.31513676707595545,3.3717188857276525,4.752735798905043,-3.4810056035294674,4.200607944405665,2.6365590256085687,3.514296277752343,3.3717461362408216,2.588013327389297,4.860895828836169,-0.3982815645678628,1.205181379951423,4.850373825564233,-0.35189013493568544,-0.7701440713481384,-0.43245294119343436,1
-0.5058606703638283,-0.4493372793739814,-0.5543398505981528,0.6045540601804308,-0.5850417841049189,-0.17985333636890638,-0.779346574791523,-0.44935800707576173,-0.763601204533568,-0.4874322015183619,-0.38971260215401593,0.4088060187500423,-0.48922736851383625,-0.32477570512304144,-0.5080144894986902,-0.3835060362518551,0
0.5371289297214996,-0.7009036071033518,-0.5786612773525186,0.6211382023211182,-0.6059489144703741,-0.18565211126494052,-0.6076005905640222,-0.7009260088341712,-0.2221280223836628,-0.5580629354575447,-0.1846287683826143,-0.7061194869318909,-0.5540491557060371,-0.3300969283608388,-0.2782094048589007,-0.3231247592499196,1
-0.11337049064446325,-0.2669227532860105,-0.35484605056086577,0.2166421633915273,-0.2929049483777185,-0.9978437027736976,-0.12879008580188844,-0.2669432818948591,-0.13401229825281977,-0.4144667225529467,-0.3085930913029323,-0.7061194869318909,-0.39825010193695787,-0.5135312811569266,-0.6240867227418295,-0.4092798111498894,1
0.0995175363571049,-0.2735072941480436,-0.35484605056086577,0.2166421633915273,-0.2929049483777185,-0.9964683279927704,-0.10206966964571662,-0.2735279608109523,-0.11931897308399164,-0.4174186162956312,-0.3422976767973966,-0.7061194869318909,-0.406583787122204,-0.5119829871839346,-0.6204057314442496,-0.4085996789513186,1
-1.6312552184727986,-0.8846818211712314,-0.7097347529490188,0.764621465826367,-0.7445389028573076,-0.1283605498270653,-0.8209822984645617,-0.8846372429847846,-1.0351298094525303,-0.5876796906847809,-0.6679182485235775,1.045906307711147,-0.5836567822512567,-0.09335648813340763,0.30494465528579634,-0.08336515193142381,0
0.3723312807733174,-0.2593490884455613,-0.12338154377253953,0.0773795090771157,-0.10282726313249542,-1.0289411149431884,1.1387516493824914,-0.259368758889819,0.8761831392778265,-0.4110419370778561,-0.02353227500229326,0.7273561632305946,-0.4076528008478644,-0.3291967844644717,-0.6360609900139017,-0.4083632397002489,1
0.758398400857902,0.11384732340787286,-0.16773325034124462,0.0773795090771157,-0.12646711827439558,-0.13452095972485517,-0.18911000402117345,0.11383423546230222,-0.13750726160391077,-0.20324188605636453,-0.31944711036047163,-0.7061194869318909,-0.25492991293753237,-0.5961303653037285,-0.6792100736610209,-0.41941132812387005,1
0.15424441789013768,0.025976743165221153,-0.16773325034124462,0.17909758011571053,-0.17518877962043036,0.13708938056344702,-0.16253585002483978,0.025960056404501358,0.005495067724875607,-0.2590575863961545,-0.2686046000383136,-0.7061194869318909,-0.28569225923940983,-0.6079346677969797,-0.6668745185788013,-0.4177941049258542,1
0.10315987579054965,-0.6490641624270823,-0.48441996630733636,0.5342747442182619,-0.514110964391876,0.1659970571258036,-0.19438650973247154,-0.6490897063756689,0.3641412757754209,-0.5463529344363476,0.04787574511309727,1.045906307711147,-0.5448828713741779,-0.36486917553764414,-0.3285141063136139,-0.34218777288869534,1
-0.319867244033234,-0.7264159117496244,-0.5336752665879435,0.5731659057152113,-0.5589928500588662,0.1512190345706441,-0.13283575674071768,-0.7264409070470611,0.3589777622423391,-0.5632837156741328,0.5334502818977529,-0.7061194869318909,-0.5582383967253103,0.6042665713705374,1.743331933105431,-0.16389124721965473,1
-0.3158382090653535,-0.7932101428880135,-0.5803903299917826,0.5968495606886979,-0.5952365647544785,-0.36497561698113057,-0.1661454957200514,-0.7932356838580592,0.29995649521064854,-0.5752583798241724,0.6511306990479165,-0.7061194869318909,-0.5745324203032794,-0.24294150566575665,0.3796166065296239,-0.1992706411026289,1
0.6459886637093181,-0.9519987001626322,-0.6643774396177964,0.7553460504631127,-0.7159202444424572,0.7313851840776288,-0.4533837144925219,-0.9520118852449367,0.6637045774367919,-0.593884126495353,0.9310501379002474,-0.7061194869318909,-0.5899637841710368,0.14247780768112223,0.9174827120691748,0.30752563988666565,1
0.0035218906578796255,-0.8938576335550106,-0.6413990321338491,0.6916719921604415,-0.6731734848508235,-0.6986428991933894,-0.08363804193300738,-0.8938864950653933,0.31260313664096745,-0.5886719778118404,0.8984880807276293,-0.7061194869318909,-0.5849992547837585,-0.24035521132760707,0.4007433013339114,-0.05577153684317121,1
-0.7694177896054469,-1.0050450273606524,-0.7403579736380943,0.7967504436761128,-0.7762507240389581,-0.09780000696144013,-0.8132892770533456,-1.0050341797856888,-1.0659313987027235,-0.5970190769546554,-0.48911256615463955,-1.5024948481332718,-0.5931410349318099,1.227991641706882,2.020406616485061,1.4123091975159692,0
-0.014066341906069408,-0.9767364119105809,-0.7042053470720844,0.7602069976682975,-0.7394772061523676,0.3464577022013123,-0.564694360910994,-0.9767663308736,-0.08111533555141152,-0.5955384861463502,1.4423315619264434,-0.7061194869318909,-0.5915651098736825,0.48952289481662997,1.2969077191543057,0.647402052175253,1
0.4610077943555321,-0.972265803712509,-0.7069108302093766,0.7623105117501651,-0.7419268092641921,-0.32742598437078096,-0.575202089071133,-0.9722859726928588,-0.24175068515206175,-0.5952644033474186,1.3977729573744397,-1.0246696314124433,-0.5911494941039737,0.2446448762175446,1.2056772606261001,0.48332491013107176,1
-1.4063139706896755,-1.0016386226717093,-0.7359757611163114,0.789632824543303,-0.7705057167124743,-0.26589025670797495,-0.7768044718918989,-1.0015387116618082,-0.9123078311818655,-0.5968642217914742,0.11585618026294907,-0.7061194869318909,-0.5927648453521233,0.8504971982776034,1.8337245029043607,1.105464319084813,0
0.5487050514513163,-0.9963572450680417,-0.7076241773619237,0.753873973242643,-0.7382660350946342,-0.4049849915359854,-0.32795063567997146,-0.9963698395561419,0.1868282359156319,-0.5966115240789133,2.14384395154004,-1.5024948481332718,-0.5925300115000086,0.8030183167007069,1.6612228305583048,1.0414203433213571,1
0.050048434698221136,-1.0329404789461625,-0.7431899207074257,0.8000110691130952,-0.7793219751656291,-0.10973278203373373,-0.8132461133547193,-1.032971013963478,-0.7980303981210377,-0.5980473020506556,3.094427515316119,-1.5024948481332718,-0.5940577621813048,3.610807430413645,2.577207052564257,3.661424015921601,0
-0.30191636165766256,-1.0344775027629294,-0.7446589878934141,0.8002906415763552,-0.7802389127287732,-0.11337734615053194,-0.814211258945389,-1.0344978014649269,-0.8684331374603966,-0.5980915276250873,3.236101027225054,-1.5024948481332718,-0.5940906335607481,3.7396249870779514,2.5524277522587253,3.785526599462945,0
-0.14976615837718688,-1.0370812429007055,-0.7459902864029102,0.7999538740008362,-0.7807871993249726,-0.12665663042190256,-0.8143658224479821,-1.0371090859250798,-0.9105905228715012,-0.5981634842131086,3.4326158985826085,-0.7061194869318909,-0.5941612493428842,4.186358414247221,2.486005235697607,4.107048531474155,0
0.159126798379881,-1.0350486319295549,-0.7438011661714734,0.8000934698105602,-0.7796872433345008,-0.15343781711862636,-0.8110765660047359,-1.0350770065541117,-0.7945331801255355,-0.5981076302161881,3.3172205380761373,-1.5024948481332718,-0.5940997181906451,3.826329759243757,2.5642244649474826,3.8248554612033874,0
-0.10599712376417454,-1.0349469657499035,-0.744872779455498,0.8011511047322707,-0.7807650164376077,-0.15479505057244453,-0.8149822185648475,-1.0349762067582937,-0.8736745110999553,-0.5981047769218969,3.3160780097542912,0.4088060187500423,-0.5941079829381886,3.889061738035714,2.529295817594342,3.8524159646415144,0
-0.0727130761129876,-1.0363080030080274,-0.745654922647573,0.8009436725260993,-0.7810825483478219,-0.1821644179009849,-0.8141495108430199,-1.036337958967017,-0.9019386776222732,-0.598142503945863,3.3240757080072147,0.4088060187500423,-0.594146134530805,4.041711526280024,2.491862933345156,3.993139133823246,0
-0.11703428398809815,-1.0201977692378055,-0.743106493028427,0.7962721460029094,-0.777486610888435,-0.14095743691810322,-0.8132515893603595,-1.0202269213751656,-1.0157002381273341,-0.5976306561382811,2.243815179701587,1.3644564521916993,-0.5936312887443962,2.103715959370049,2.2726537239987374,2.2995492520013157,0
-0.006542771730653043,0.14373645310643188,-0.03849204170039719,-0.08098549967781968,0.018274422042232806,-0.8067566396496081,0.6194068760245489,0.14372121328878482,0.2039285738458036,-0.1832891744943664,0.4014882607245112,0.8866312354708709,-0.1657066058540842,-0.30610376639318887,-0.6150785053941428,-0.4149526271162443,1
0.03303025621364405,-0.9295590728772005,-0.7205839051533199,0.7682716933077539,-0.7520700102409309,-0.1636020616179161,-0.8116960585345743,-0.9295883884217085,-1.027395744661136,-0.5920925964011272,0.4860353565411336,1.3644564521916993,-0.5881456001704556,0.11177950498997895,0.661153301283925,0.1660313598716373,0
-0.857590923112581,0.6603688979179193,0.5995004875806843,-0.8989775694460264,0.7501379198473762,-0.9088689123567989,1.5160678725779186,0.6603628057968687,0.907330040280561,0.2391672962795987,-0.2834574682223148,-0.8653945591721671,0.2175711666699566,-0.5643780406873238,-0.6661770104117204,-0.4238344464349436,1
1.279151075892176,-0.7361077638834977,-0.666041904011132,0.7251019014080639,-0.7023208563625355,0.29645821714408993,-0.7967147496862788,-0.7361094182116408,-0.9643517881288565,-0.5651732929348162,-0.7581779859494311,-0.7061194869318909,-0.5613583799960562,-0.42832484518204583,-0.16885695816696009,-0.2959537938900868,0
0.9320692575541217,1.9422509711666234,1.6115502420643206,-1.358901276702335,1.5098670665308767,0.7665754501235845,0.6397029101907806,1.942260873858416,0.924649810317735,1.9207988536434049,-0.35486548833770537,-0.8653945591721671,1.8550979189681138,-0.5215734337508253,-0.7103927464844063,-0.429773489984123,1
0.084560265030091,1.9998226220457773,1.6115502420643206,-1.358901276702335,1.5098670665308767,0.7108321964891231,0.525299757789586,1.999831757864828,0.871072358766868,2.017510864376205,-0.43084362174048085,-0.8653945591721671,1.970142188846502,-0.5237343093761578,-0.7153100190112112,-0.4300408278282563,1
-0.1100584183180799,0.8992690744317934,0.8699944867842397,-0.8525213208417339,0.8720616819831336,0.40537487264185534,1.1621082768824513,0.8992637928158843,1.0635141309956935,0.4841095193911774,-0.3325861860617035,1.045906307711147,0.44584986285367956,-0.4315202896364603,-0.7362584773239677,-0.42740874145876606,1
-0.35805112743922746,-0.6126615430485418,-0.6658408761807912,0.7037676510689208,-0.6919948723689346,-0.48877442878328375,-0.8273903870994775,-0.612685136811545,-1.2190385956857848,-0.5372474052096943,-0.7884549864783567,-0.06901919797078622,-0.5323005409921455,-0.3700556396270791,-0.35136572994106857,-0.351259110248295,0
0.2406450392778985,1.510880177372871,2.2935562323055696,-2.3921684198347926,2.368304151643045,1.1720108889181975,2.6068960180627965,1.5108829954295135,2.3648300000185456,1.2541066782318895,-0.4057079986598634,-0.8653945591721671,1.143991827733497,0.07245308304743962,0.6926989485351844,-0.26244933306274365,1
-0.8082146907582111,-0.5382677238096498,-0.6338154821817404,0.6921842517566436,-0.6693767509206255,-0.08394678531227427,-0.8262877218496838,-0.5382852071395974,-1.1035329481034675,-0.5163743792104176,-0.7410400611217374,-0.7061194869318909,-0.5135112751574304,-0.3862314056363787,-0.4098868985884331,-0.36928527634754,0
0.25389518967765445,2.608452017981322,2.0785911644236976,-2.675498596004465,2.3894374014643343,0.9501826270323295,1.7219253165841761,2.608469221814047,0.8704103758114657,3.1513208040899414,-0.48168613206263894,-0.8653945591721671,3.381414688604176,-0.6106360501716696,-0.7887369859278035,-0.43260298518197793,1
-0.28298270545845844,0.22829353830115343,0.5368632889570796,-0.011647387887860385,0.29173187145809737,2.7317003782853737,0.8066065899892777,0.22827976796348398,1.670945358247698,-0.12418368287964482,-0.426844772614019,-0.8653945591721671,-0.11745128553783649,-0.48374799212463954,-0.6367467115872221,-0.4194057828079362,1
-2.233764377663036,-0.5068666044996295,-0.6678912138777167,0.6573001588432887,-0.670830383315362,-0.7515140748450863,-0.8055924598917161,-0.5068427544419138,-1.3650745654947676,-0.5066512918865119,-0.9112767810768284,1.205181379951423,-0.49508672124404024,-0.28400186202318073,-0.5039786107223381,-0.3920437859032338,0
-0.03902746159814812,0.073104661873879,0.24626947852336184,0.16717866153659294,0.0511873773489717,1.210810443559238,0.09519070172573053,0.0730885053318781,1.2359468813661654,-0.22964931097428679,-0.4399838483152509,0.8866312354708709,-0.21088843157006532,-0.3372155545099318,-0.5549442788130088,-0.412524661660761,1
0.09833040474032853,-0.24048447595898126,-0.2170344457405477,0.16158672350062664,-0.19307927901188965,-0.990505213708458,-0.28278390706864254,-0.24050471247323876,0.40700828771655884,-0.4023743947216308,-0.4102781119472484,1.045906307711147,-0.39659948150191665,-0.3686253870947917,-0.5247052149913296,-0.40038994718246934,0
-0.033460747585929054,-0.13219421814198928,-0.22549395539246017,0.14168931571594431,-0.18805766802865642,-0.981841839006307,-0.09110517787726348,-0.1322130704038016,0.10721567209621576,-0.3488361638435815,-0.312020676268471,-0.8653945591721671,-0.3525411202140957,-0.4832453259541106,-0.4965630375547813,-0.3983935958207639,1
-0.1405955786084911,0.18731338045777846,0.365518819660841,-0.4092602143556271,0.3908552242337464,0.34809177148538684,1.0035641713773242,0.18729881056726036,1.2938993516946773,-0.15331949410452186,-0.28688505318785357,1.3644564521916993,-0.15833134415126834,-0.22868757501508938,-0.5584968419656743,-0.41228747501900637,1
-0.3226674688999489,-0.3212553343951473,-0.5567264727352716,0.5930989296726132,-0.5808270132777748,-0.028737496534392105,-0.8076256150545642,-0.32127588174896504,-0.9732619551370565,-0.4381116169636263,-0.3445827334410891,1.045906307711147,-0.44060060139414864,-0.26480645591712865,-0.4677996333277886,-0.384853177899053,0
0.7449430099891216,0.8079285360037942,0.40506204309271576,-0.20425729927345368,0.313738327960977,1.3533357190954165,-0.1975751028831082,0.8079235698005769,0.3084338384541524,0.38675580944744775,-0.440555112476174,-0.8653945591721671,0.3710967134063651,-0.45096134082082767,-0.5809749574772034,-0.4194155213994109,1
-0.30622821075031825,-0.08631312883204768,-0.48212921809316894,0.5248746756494852,-0.5083874619651071,-0.15446315406081007,-0.7996355557680779,-0.08633083805449696,-0.9284942102160981,-0.32420932712172346,-0.39485397960232405,1.3644564521916993,-0.32312422808785074,-0.29936995475204065,-0.5750126860325425,-0.40648268596824644,0
-0.19164313326220703,1.6106413742515446,1.4248137339995086,-1.8620359937539233,1.651329967865085,1.0377226852240966,1.5666945555851373,1.6106454748620231,1.023843622509884,1.399200529978101,-0.38514248886663094,1.3644564521916993,1.3528644498875757,-0.24490644448231366,-0.756192555933027,-0.42913080078200555,1
0.6279200329341816,-0.06382679743236,-0.529054494442295,0.5404823884109895,-0.5408749485074464,-0.05695412701536202,-0.8071878205612746,-0.063842728176715,-1.1192559559033035,-0.3117173340309793,-0.8375837043177453,1.205181379951423,-0.3001643053401985,-0.21561328762878726,-0.6194095893992554,-0.41334571836015926,0
0.4070306504489696,1.0408913651620249,1.813639586572815,-1.3980610715937767,1.6363395327643484,2.670543526230348,2.3981297409801163,1.0408883050669666,2.490145411821049,0.644119759132364,-0.3822861680620153,1.205181379951423,0.7311309091494144,-0.2512458281328647,-0.6568890170078433,-0.42618586997760277,1
-3.942655592257116,-0.297513679694907,-0.6137714511031503,0.6177848202197433,-0.623056722857442,-0.12306746478621354,-0.82695641216632,-0.2974261993052514,-1.2679853777559196,-0.4279790726351396,-0.8695744973294404,0.8866312354708709,-0.40615812623166503,-0.2550046600669477,-0.6095777198022101,-0.4050241317263225,0
-0.36937372904388277,0.9647981389664804,0.7342513814660475,-0.797616911025254,0.7734108827827043,1.209184355277559,0.87258818763111,0.9647940638859746,0.7245728158357752,0.5567767750472898,-0.4336999425450965,1.045906307711147,0.5273060676798942,-0.3839944798662601,-0.7182373200410445,-0.42596850610823284,1
3.0664999901406618,-0.23710049852596823,-0.5571103698881101,0.5997155271881193,-0.5842008998769124,0.24723900220469355,-0.8029760004732162,-0.23706056290985095,-1.0715264741984611,-0.40079890585975264,-0.8627193273983629,0.4088060187500423,-0.38607555298836843,-0.3641576511278732,-0.617536209549574,-0.4075581023783488,0
0.2800485254738466,3.217422910302261,4.574445855089258,-3.514756410287799,4.121744021165224,2.8091997752394966,3.4423363811476255,3.2174481136605246,2.5986785825682026,4.489486125554857,-0.4571217731429446,1.205181379951423,4.4501213051480315,-0.3565490816203426,-0.7757246014033948,-0.43254793917892864,1
-0.5271233349477293,-0.48345786731250223,-0.5843297224721896,0.6259507979179896,-0.6112754183074491,-0.0966492755517273,-0.8075672370979818,-0.48347870886601496,-0.8790991103069187,-0.4990504704635887,-0.34572526176293533,1.205181379951423,-0.4982774584392008,-0.31787890611054026,-0.48079501654069917,-0.37825671375302855,0
0.2950868474113911,-0.6960684696087032,-0.5585555034021485,0.581420343995264,-0.576208009042199,0.017014378504659217,-0.6178189376029469,-0.6960936064003304,-0.05443576321126353,-0.5570331693434986,-0.21661956139430927,0.8866312354708709,-0.5525352615597112,-0.31154953996032725,-0.284150815372727,-0.3240812836161577,1
-0.7007222918340732,-0.2573687004450545,-0.30378280180014333,0.2207815994694847,-0.2676705185861205,-1.2238786553615202,-0.04213321371311483,-0.25738585841729006,0.07105779739217837,-0.41014121397399866,-0.4171332818783259,-0.7061194869318909,-0.39692380787394493,-0.48320430531963093,-0.6184292066266435,-0.4087106383084923,1
0.35779993377669106,-0.2672650983804922,-0.30378280180014333,0.2207815994694847,-0.2676705185861205,-1.2818023784657968,0.0029285438028016295,-0.2672849331272784,0.09545776944860308,-0.4146207852775589,-0.30516550633739353,-0.5468444146916147,-0.4140817771459941,-0.4707650856905397,-0.604135495269797,-0.4063745615499595,1
-0.36244512203259244,-0.8679440205838744,-0.7047325584618478,0.7630817212363367,-0.7411351705241465,-0.08977521068531685,-0.8093374561721606,-0.8679690373145754,-1.020723371921255,-0.5857504706852135,-0.6782010034201937,1.045906307711147,-0.5819238440199657,-0.011354427251243663,0.27017450803036575,-0.09519195029636503,0
-0.06751583532704047,-0.2769473797131275,-0.09401641886726009,0.08711782180929448,-0.0918399175198234,-0.7923914563516696,1.050792302584419,-0.27696810180152925,1.070695664949211,-0.4189513549224401,-0.12407476732476314,0.7273561632305946,-0.41493072480703946,-0.34905242145474896,-0.6152529952662866,-0.40631261732734675,1
0.17367805944493825,0.4271382544545384,-0.017694201365952174,-0.07709501029720509,0.02749636152674567,-0.35492047968941914,-0.23101571203913407,0.42712682914246525,-0.1485448516358764,0.030291707112704652,-0.4251309801312496,-0.7061194869318909,-0.02112314956150615,-0.5767021373507779,-0.7040932504256827,-0.4245276567625907,1
0.41910907639589196,0.27722408889326217,-0.017694201365952174,-0.07709501029720509,0.02749636152674567,-0.2924898087238682,-0.09597023348258077,0.27721126766194293,0.04924553415748712,-0.08818664180681142,-0.33201492190078036,-0.7061194869318909,-0.08996950730021165,-0.6077045287835602,-0.6938147098394114,-0.4229010101523644,1
0.5363062352143498,-0.6363603104308783,-0.5463904688825267,0.5705436405123948,-0.5645141346239675,0.0740597960811437,-0.41044297647188827,-0.6363824391239403,-0.20654195072239853,-0.5432579868177267,-0.11779086155460877,1.045906307711147,-0.5396195914603308,-0.3710406038671618,-0.3546046660445261,-0.34935965373688177,1
-0.08250016296241831,-0.6455280651419701,-0.44289717719128985,0.4942963992707524,-0.47282982910126936,-0.1698883018298019,0.14908672222799943,-0.6455535587557016,0.69125900321737,-0.5455003673412318,0.37006873187373934,1.3644564521916993,-0.5399828897763007,1.394995545407033,2.5614710824941,-0.2364754630665212,1
-0.05934756744324722,-0.6517260877569303,-0.44289717719128985,0.4942963992707524,-0.47282982910126936,-0.21329134511268813,0.22413386094510007,-0.6517517091956019,0.7289098531684078,-0.5469902022647104,0.5505882067254466,1.3644564521916993,-0.5490707004280192,1.0166011349732902,2.200672496434454,-0.23667922699406146,1
0.21121854296938,-0.9373969276589257,-0.6794679665595444,0.7479589300949268,-0.7204252932518125,0.24513251386705268,-0.663903490488629,-0.9374248919995337,0.03530318791784068,-0.5927497970400804,0.6831214920596115,0.8866312354708709,-0.5886969872711851,0.033690614332730504,0.737314626491623,0.16754709228616982,1
-0.05574858196255865,-0.8573309176230124,-0.6238974349775533,0.6060064940550943,-0.6228122942520941,-0.9714699783265033,0.26088943036697765,-0.8573591935727715,0.2323467554872628,-0.5844474384721006,0.6774088504503802,-0.7061194869318909,-0.5809817632375992,-0.2977414892001532,0.20197242540725116,-0.1490175910554835,1
3.151311599778348,-0.9935600269856191,-0.7380641331426236,0.7936100396447616,-0.7735238730382415,-0.31779912587583087,-0.8184307265969271,-0.9930086910825665,-1.0894056052815502,-0.5964714771878824,-0.8113055529152816,-1.5024948481332718,-0.5925905090048169,0.9029575694555811,1.8613620730767777,0.7816305176241086,0
0.24389042564696106,-0.9615962815156804,-0.6941228935392036,0.7547104895839001,-0.7314704110891109,0.4142878787804477,-0.4811865907518282,-0.9616236564848216,-0.011067778005663761,-0.5945658974209184,1.3497867678568973,1.3644564521916993,-0.590578491648598,0.24022192618400454,1.049024346879101,0.4007364647630985,1
0.2104788460481058,-0.964955576117055,-0.6923194711591848,0.7344579784744701,-0.7208084758324423,-0.7025600213292686,-0.34434364791355787,-0.9649835810037513,0.09724917233086572,-0.5947925687040458,1.5291637143867585,1.045906307711147,-0.590851310004982,0.2973398246084432,1.1197982055525482,0.4460490773346147,1
-3.4767470181704874,-0.994830793609549,-0.7369192633423809,0.7978163849410325,-0.7749284330824251,1.2530458463681404,-0.7687287293856344,-0.9941339847741153,-1.0332556833354571,-0.596535632953757,-0.8530078366626698,-1.5024948481332718,-0.5931459702513645,1.0909821713327472,1.9626707517116309,0.597786140897338,0
-0.17117993359098177,-0.95335806997785,-0.6834488063305398,0.7115951342532628,-0.7051293209871682,-0.25147009814977517,-0.10902723012728308,-0.9533863401071274,0.16372820128816584,-0.5939837670981784,1.440046505282751,1.3644564521916993,-0.5900270519904067,0.1845232457043528,0.9311877563928589,0.2996943608705402,1
0.14034628513468364,-1.0188918506591436,-0.7391884546596924,0.7950390844109603,-0.774807640687782,-0.007627850153577837,-0.8018262249019116,-1.0189209999178925,-0.8199232056413945,-0.5975829161887896,2.2238209340692774,-1.5024948481332718,-0.5935660338267988,1.8840151785857644,2.344985232400407,2.1154098987339798,0
-0.07175249155924378,-1.0289162836139092,-0.7409140134561552,0.7986744407592715,-0.777468668334838,-0.1046305264630281,-0.8070398810393683,-1.0289462584529279,-0.7329184189211613,-0.5979253631648492,2.8019402649234793,-1.3432197758929956,-0.5939329658259911,2.952018616827523,2.5437547942123353,3.099635781155848,0
-0.08526845277691027,-1.029404237144047,-0.7447586259256475,0.7995199812491967,-0.7799228842009138,-0.06782282833656349,-0.8157615764787295,-1.0294339780398698,-0.9712780479261537,-0.5979406229355654,2.7933713025096325,0.4088060187500423,-0.5939350763906596,3.031520782384522,2.499460672323274,3.106846474930072,0
-0.10629828942386661,-0.8521787386088912,-0.7032238596021123,0.760959281709512,-0.7393143990582642,-0.09831237013613439,-0.8455289690726802,-0.852206730715537,-1.0595039890951503,-0.5837925592067429,-0.18577129670446055,-0.5468444146916147,-0.5798301219751819,-0.39687943800348274,0.1618435407799494,-0.19466174152766913,0
0.5967355293581472,0.8311859396557758,0.40652131361306126,-0.6682993309459975,0.5367863589435119,-1.2548865650360155,0.31840344269128096,0.8311807018432676,0.283863494358046,0.4111092626870485,-0.45540798066017524,0.24953094650976612,0.4641094416146926,-0.3878814758090494,-0.6396516065786921,-0.42680676441093696,1
-0.4078446438749643,-0.7250197418513868,-0.6580984936019897,0.7289129490546543,-0.6999123910881164,0.20526591771924016,-0.8089617955592244,-0.7250437243882135,-0.9137887146673895,-0.563007257374024,-0.28459999654416107,-0.38756934245133856,-0.5585394353402036,-0.46469894999748523,-0.21522558344102782,-0.3084529293539027,0
-0.9600021630151746,0.6954307619189353,0.451755436361166,-0.5643203777763757,0.5110919546686822,-0.05747623233364897,0.5130265364200274,0.6954256625961408,0.5469961342154458,0.27315231991843686,-0.4399838483152509,-1.1839447036527195,0.3343818456662689,-0.5788340923418457,-0.7005771007479847,-0.4265731076017284,1
3.812859942638488,-0.3677637550448945,-0.6138195456330429,0.6508292801923203,-0.6389102334032756,-0.3723513000553905,-0.8348830951546474,-0.3676755980912918,-1.2018131134917616,-0.4570629850175018,-0.7067642114663499,-1.1839447036527195,-0.45880444414937377,-0.5705046287055351,-0.2700434491049146,-0.39644033518859656,0
0.24124338211696372,2.7829750905815436,1.280208886673598,-2.3177774616707056,1.792548657007078,-1.6375968541132326,0.25777527209556944,2.7829945732473065,-0.013471298112052738,3.513989907868142,-0.40228041369432466,0.4088060187500423,3.5525427142974517,-0.4240329890703242,-0.7290631080129796,-0.43210337131246557,1
-0.2542498618546487,2.783299765887647,1.280208886673598,-2.3177774616707056,1.792548657007078,-1.6346571244027037,0.2573019374275376,2.7833192778530664,-0.01363357033444523,3.5146801990153493,-0.42398845180940337,0.4088060187500423,3.5524497820386967,-0.4243231420951321,-0.7329275079471452,-0.4321121195631699,1
0.240943105409284,0.496410619022361,0.2097710055372858,-0.9636316783769008,0.5733771254545741,-2.9133396989982967,1.1963554535025926,0.4964001901580953,0.2998774858958077,0.08920982236111312,-0.3959965079241703,0.24953094650976612,0.09515290490908351,-0.4568172979767375,-0.6531253292034058,-0.42332596653797494,1
-0.5753577496580506,-0.4316016721210394,-0.6191928409497164,0.5939425610294817,-0.6145262333104997,-0.5609373159063782,-0.8046326783018501,-0.4316215876551189,-1.15909277812113,-0.4811404349287118,-0.7827423448691254,0.24953094650976612,-0.47255116869160535,-0.4407134972431537,-0.47060057854294013,-0.38769138231146005,0
-0.362227146182464,2.0690781024641547,3.2754938103158606,-1.8829683377960955,2.6477852797847192,2.809756246157043,2.145801905288849,2.0690883801235684,2.7433339364625726,2.136263232170402,-0.413134432751864,0.24953094650976612,2.0056191273433948,-0.22194777064445156,0.047231035372409504,-0.3888271060434071,1
0.5215796437039605,-0.39665236452744573,-0.6139247663803662,0.6265644981189321,-0.6273437952322822,-0.41623975909391586,-0.8210999318199051,-0.3966726334274036,-1.171021162137987,-0.4682361606033214,-0.6959101924088106,-1.1839447036527195,-0.4659445035384429,-0.2924567038311221,-0.35823564636087635,-0.38764811591183934,0
-0.3806154588921525,2.0262744593688393,1.9621178634801504,-1.583103517186142,1.8041127547195892,-0.3729625957772755,1.0244349954382064,2.026284203169863,1.2602139449704086,2.062556751563953,-0.46054935810848335,0.24953094650976612,2.1114915126947,-0.4374505622855946,-0.7579045937742916,-0.43173090577278805,1
0.04080271214136055,0.16137461021952695,0.2925202036658071,-0.6908558510908726,0.4868270366951479,-0.9943213434417186,1.2153455404928248,0.16135960434044241,1.1466798882324685,-0.17128437359768633,-0.39542524376324717,-0.5468444146916147,-0.1824644363980134,-0.4635107618958984,-0.5827516073718262,-0.41688211997813673,1
0.9866660968662684,-0.4420563222471711,-0.611850610398166,0.6213772337087586,-0.6237536179676073,-0.15182741294100816,-0.7829267057802843,-0.4420711694947101,-1.1044940246780202,-0.4848701709748793,-0.9004227620192891,0.24953094650976612,-0.4725556873524947,-0.30340146641208066,-0.40410244892348446,-0.3925428662782698,0
0.21149591848670143,0.5637437974657709,0.7713865758846262,-0.9617468333264318,0.8718204163040115,-1.0853145674202516,1.1548093839044447,0.5637342031599353,1.4566118159570163,0.14900573796610841,-0.3651482432343216,2.3201068856333564,0.09123377663372823,-0.14442499225880462,-0.6331539110835952,-0.4225120305429328,1
0.20145836187305025,0.08341319853319668,0.1756694488663716,-0.4065572685913464,0.2883691398534925,-0.4073292595069784,0.6124234833881187,0.08339733447120763,0.9864891461172483,-0.22305401180454892,-0.3725746773263222,2.3201068856333564,-0.1715093639844216,-0.1674245428550956,-0.5964071217730865,-0.4170078705979584,0
0.40873438957564134,0.052127423052750275,-0.33739513652596964,0.2105832308734079,-0.2807013040077817,-0.5750489644745949,-0.5881992711643689,0.052111738492329515,-0.5860480979107571,-0.24289002706769297,-0.36914709236078347,-1.1839447036527195,-0.23884443027327495,-0.4936075333652745,-0.5114564409127762,-0.41103798225948496,1
-0.7832444360401651,0.88701991822109,0.9001570215577754,-1.0909598836996008,1.0023476187456901,0.31601440999420755,1.1287766415460352,0.887016186730206,1.138266704426677,0.47078779694960765,-0.2811724115786223,2.001556741152804,0.41175380434625986,-0.2479997825766014,-0.6007762792503821,-0.4249394242230203,1
0.2679190845668268,0.05421355731816828,-0.4814646615990478,0.368934712247213,-0.43333998978243127,-0.25055879098551465,-0.8024249138687248,0.054197456735381004,-1.051903442568568,-0.24158409831277233,-0.3742884698090916,-0.7061194869318909,-0.23276839845450797,-0.3759478560704679,-0.48182620330433895,-0.4096885809819844,0
-0.052689826531975986,0.8357272147732432,0.20840794371553722,-0.2609115079284616,0.23605658402058788,0.2474730914692301,-0.4039979468792669,0.8357210699890888,-0.09947676054870604,0.4158992383515119,-0.4291298292577115,0.24953094650976612,0.4306334909135508,-0.46328657459335837,-0.5796548629005269,-0.42468499317955655,1
0.3129951475082343,-0.06133066579342884,-0.48575317395294776,0.5058369583612647,-0.5012002384914082,-0.023071629148217546,-0.8019880395780358,-0.061348113271452544,-0.9662999493458306,-0.31031350710294026,-0.2777448266130836,-0.5468444146916147,-0.30477471899445624,-0.26772818116147634,-0.4048425848184181,-0.4065012863114305,0
-0.4563824886159133,2.0846710570004787,1.5983256246354116,-2.272538559155815,1.9404388568960134,-1.7527348801262372,1.2004892735349435,2.08468167493044,0.7803585558561573,2.1633639690857147,-0.25660805265892794,0.24953094650976612,2.0963409246089184,-0.4478499302312963,-0.6734289074608728,-0.4305531254332738,1
0.5129441053393691,-0.2011800568693713,-0.5259676530685437,0.6058883822524416,-0.5705582730795964,0.15126536227734458,-0.804191697975586,-0.20119827012308195,-0.9779441343646817,-0.3836874198828703,-0.8067354396278966,-0.7061194869318909,-0.39062525979253987,-0.09698259542186873,-0.2479042362591796,-0.3987652784853441,0
0.4063649133553081,1.4848760635415814,0.9328974132492501,-1.8615644923891952,1.388908338707087,-0.8666832600751067,0.17149216679652543,1.4848787615875656,0.46746239438358195,1.2171845230606284,-0.27203218500385234,0.24953094650976612,1.2017391947276557,-0.0826427116066839,-0.327167852061343,-0.4283061464039626,1
-1.2875113861382912,-0.32945437280721934,-0.5861700170553764,0.6203229435248196,-0.6095606411103117,-0.07195560966816072,-0.8116506995539386,-0.3294636215979007,-1.1054382322011498,-0.4415388793401742,-0.8398687609614378,0.7273561632305946,-0.44239459087698574,0.033133299806907456,-0.22094420667107267,-0.39429504308547036,0
0.10691574582327908,1.844120158652235,1.271553815922759,-2.3656266628725504,1.8108545854531057,-2.79458874050712,1.3830374022991487,1.8441272578893817,0.5952857563167787,1.7601512380640794,-0.32458848780877975,0.24953094650976612,1.8768110532536937,-0.48101871240971433,-0.6908863919070655,-0.4306342861416693,1
-0.023290776500828912,-0.27052823658815994,-0.6041828729628961,0.6085204762633825,-0.6135084223578298,-0.47355074433997,-0.8260769557578267,-0.27054890843229684,-1.2472510446925114,-0.4160860358773551,-0.8855698938352878,-0.7061194869318909,-0.417568621166787,-0.40989788607625166,-0.4452452275486258,-0.3998293647113787,0
-1.001710133251549,2.276523829963476,2.9233069118047537,-3.0223647264510274,3.0058228897515815,3.0906720041225193,3.113736493281869,2.27653825957096,2.0698439343058084,2.507740936612077,-0.39942409288970904,0.7273561632305946,2.441141323381242,-0.33734620704004936,-0.6158455876543149,-0.43099356405396316,1
1.2595985768678006,-0.156302377511504,-0.5126296391722532,0.5598540460628902,-0.5413991316172795,-0.17243905495743708,-0.8115405598220524,-0.1563123852227376,-0.9721255002984778,-0.36131272202797915,-0.39542524376324717,-0.7061194869318909,-0.35876039398356047,-0.4116509066018293,-0.4831912249460712,-0.4072517138007174,0
-0.1152281651947201,-0.22786462311858688,-0.41612112167268933,0.41898051021047367,-0.42248260048460295,-0.19581464814118413,-0.6188114584712696,-0.22788464070784736,-0.47838659915095694,-0.3964669076431914,-0.4548367164992521,-0.7061194869318909,-0.39130943002445556,-0.49265831862735615,-0.5754110386606908,-0.4066096699556351,1
-0.6804290077311947,0.48749614362270616,0.22911484563870813,-0.1899272525008155,0.2130929925629353,-0.009663439265471332,-0.14152565643826814,0.4874870801230591,0.3576894827840315,0.08147997831692039,-0.5679470203620307,0.7273561632305946,0.0813070746681473,-0.49238828654097994,-0.7161789262500375,-0.4257765227364749,1
0.2769671614386439,0.39469289649217626,0.22911484563870813,-0.1899272525008155,0.2130929925629353,0.05018599245413715,0.06614417950906339,0.39468121069422374,0.5021465580406813,0.0036027418648469775,-0.49882405689033266,0.7273561632305946,0.025933231060171095,-0.4864590958152641,-0.7136233897477884,-0.4251616577973611,1
-1.964969427580536,-0.7060300106519999,-0.6851848614294994,0.6939255656307787,-0.6975911553680371,-0.46849006023059003,-0.8055693391449456,-0.7060001570960834,-1.2269132908664515,-0.559140703723233,-0.8055929113060504,0.24953094650976612,-0.5544424411083693,-0.30525047048263876,-0.22087579950713215,-0.3154361573329526,0
0.48924038611367593,0.05398831808798394,0.01709030844014061,0.20927263004089688,-0.09112963932438235,0.12147628997038229,0.062381991180898974,0.053972995023528786,0.5520729022258102,-0.2417252141693517,-0.4154194893955565,-0.7061194869318909,-0.24395046421770947,-0.4859860267756622,-0.6143728321541946,-0.41785889403030674,1
0.41849522882798185,0.9845479841878865,0.4664071737683909,-0.5086370679891125,0.49222986473162406,0.3575505881567689,-0.09213306530658101,0.9845442196836088,0.22468585815570608,0.5791407430360471,-0.6182182665232656,-0.5468444146916147,0.4850269018430829,-0.5921438796796218,-0.756120107131077,-0.42889194958024135,1
-2.699138436036278,0.6789055760722389,0.4664071737683909,-0.5086370679891125,0.49222986473162406,0.16032423284760902,0.023844504414630745,0.6789201448685992,0.6007652977035296,0.2570505045631462,-0.5205320950054114,-0.5468444146916147,0.051290869728412285,-0.5838577050380662,-0.6943115095959602,-0.4252667963088903,1
0.00427737252635776,-0.16148506018174452,-0.1882600403851881,0.24608595031765823,-0.21821631846708028,0.2112330579837536,-0.35099475809990854,-0.1615043082185235,0.31999204178813473,-0.36395317843316016,-0.36172065826878286,0.24953094650976612,-0.3577040333911641,-0.48418789448621435,-0.575708618902593,-0.41018579888028356,1
-0.0039063652277067104,-0.41492043085808306,-0.41998491042766717,0.4941959662446854,-0.4605692804371684,-0.015905306925596115,-0.43670524940087224,-0.4149430045078768,-0.09012117247844477,-0.4750649724720215,-0.23032990125646424,0.24953094650976612,-0.4669625041118011,-0.5455441051687515,-0.34359015055867154,-0.3845413304886293,1
0.29810470960814006,-0.5131578073193231,-0.4907339732029804,0.5063367465128006,-0.5040944410750344,-0.27022303995642005,-0.3919022743125274,-0.5131808870300872,-0.22458011454108986,-0.5086427108835694,-0.13321499389953312,0.24953094650976612,-0.51742643640399,-0.5155007686008526,-0.4105726243552079,-0.3726932725813079,1
-0.24876315423908976,-0.78428312844749,-0.6196515275910109,0.6952912486339297,-0.6633154487636449,0.31935588109181345,-0.6495815545325856,-0.7843093259156313,-0.24362469189275734,-0.5737999006311916,-0.1349287863823025,-1.1839447036527195,-0.5694481072062264,-0.5185822143639525,-0.0916168016053795,-0.27588101716596597,1
0.17498314855579866,-0.6183164037503142,-0.5061585008972944,0.5118257626395846,-0.514945020756091,0.01129883368495088,-0.20039471128197126,-0.6183413362940228,0.041761785736502056,-0.5387096487747679,-0.12464603148568626,-1.1839447036527195,-0.5339154972167474,-0.5596916233194511,-0.3838634248621367,-0.36175726364168603,1
1.7892500682815988,-0.8352972488548607,-0.7108479672703489,0.7378711133689227,-0.7323191776735407,-0.5463733730381582,-0.7709011002570181,-0.8352563607519997,-1.2309575225469214,-0.5815446049196584,-0.8547216291454391,-1.1839447036527195,-0.5751059682266962,-0.4607168830514309,0.018815763441395086,-0.27428604589800565,0
0.1437556253970178,-0.8067754275175069,-0.6781689603633793,0.6403400680189841,-0.6681848462175068,-1.8561009201665142,-0.4993743510803042,-0.8068028040065691,-0.8748184862401066,-0.5773908222233932,0.010743574653094194,-1.1839447036527195,-0.5727976056993647,-0.5301980595778788,-0.02090660439989877,-0.2538246489709116,1
0.48195073976614144,-0.8396421726371334,-0.6318828999237216,0.645026357278178,-0.6457586361187129,-0.3840355936595004,-0.4781130121595224,-0.8396654053181445,-0.042982071307915364,-0.5821381443678201,0.04730448095217415,-1.1839447036527195,-0.5772997002749088,-0.4676490955960811,0.09152678814952224,-0.2115632911475826,1
0.659670175389801,-0.8758602028636153,-0.7199322108989247,0.7465263294462974,-0.7413068988796621,-0.9832718226025825,-0.7406559246143163,-0.8758778860267272,-1.2510336673520357,-0.586682086291725,-0.8415825534442072,-1.1839447036527195,-0.5880623646956723,-0.24487118631519725,0.7009701024537803,0.006319467685233016,0
-0.15319547727439173,-0.8265383820474211,-0.6189761348874684,0.7039453112984705,-0.6671006442955456,0.0902483018608292,-0.5904952063758344,-0.8265657904109497,0.04328955546012447,-0.5803165638848646,0.17869523796449274,-1.1839447036527195,-0.5755345939079229,-0.5371298169318166,0.02957402427137596,-0.240693447553969,1
0.016614564066470112,-0.9354385590273645,-0.7232678988689062,0.7678030186691172,-0.753276113641384,-0.515955911534953,-0.7901336191069217,-0.9354679671786718,-1.0568398148353055,-0.5925887521768239,0.5877203771854497,-1.3432197758929956,-0.5884125464565727,-0.27390190691008676,0.7540237247351874,0.08835451642026174,0
-0.2083760531448373,-0.9749553960245828,-0.727836398285527,0.7809482869520876,-0.7620075807663627,-0.07972842405117564,-0.7912856281381383,-0.9749829455144902,-0.8909970108806927,-0.5954306122098685,1.1515581040165734,-1.1839447036527195,-0.591354337971548,0.17901677925686316,1.310379112445152,0.5128328453308444,0
0.08489999750972899,-0.9949745356165092,-0.7294908123504207,0.7812111681226699,-0.7630153149521947,-0.0060858025992571434,-0.7652177649713413,-0.9950044014520251,-0.7254675695047842,-0.5965428340324048,1.6628395280427695,-1.3432197758929956,-0.5924778378412786,0.6381343439259054,1.7258282580388493,0.9590333458932947,0
